,x,y,validity,timestamp_us
0,931.1026611328125,1040.2811279296875,Valid,244167255172
1,926.0216064453125,1039.180908203125,Valid,244167266275
2,922.0380859375,1038.669677734375,Valid,244167277378
3,919.0178833007812,1038.2015380859375,Valid,244167288481
4,916.6423950195312,1038.193115234375,Valid,244167299584
5,914.0201416015625,1038.010498046875,Valid,244167310688
6,911.2525024414062,1037.989501953125,Valid,244167321791
7,909.0914916992188,1037.2442626953125,Valid,244167332894
8,908.020751953125,1036.5142822265625,Valid,244167343997
9,908.0757446289062,1036.0250244140625,Valid,244167355100
10,908.4466552734375,1036.0810546875,Valid,244167366203
11,908.4247436523438,1036.2935791015625,Valid,244167377306
12,908.2991333007812,1036.005126953125,Valid,244167388409
13,908.0609741210938,1035.3681640625,Valid,244167399513
14,908.0956420898438,1034.764892578125,Valid,244167410616
15,908.3045654296875,1034.359375,Valid,244167421719
16,908.3665771484375,1034.2615966796875,Valid,244167432822
17,908.8516845703125,1034.0184326171875,Valid,244167443925
18,908.786865234375,1034.0166015625,Valid,244167455028
19,907.5059814453125,1033.74462890625,Valid,244167466131
20,905.1597900390625,1033.0098876953125,Valid,244167477234
21,902.6012573242188,1032.3792724609375,Valid,244167488338
22,900.4696655273438,1032.252197265625,Valid,244167499441
23,898.2857666015625,1032.924560546875,Valid,244167510544
24,896.1893310546875,1033.35400390625,Valid,244167521647
25,894.2534790039062,1033.47998046875,Valid,244167532750
26,892.3702392578125,1033.423583984375,Valid,244167543853
27,890.455810546875,1033.775390625,Valid,244167554956
28,889.0100708007812,1034.3211669921875,Valid,244167566059
29,888.0215454101562,1034.559814453125,Valid,244167577163
30,888.1243896484375,1034.729248046875,Valid,244167588266
31,890.6328125,1034.951171875,Valid,244167599369
32,895.4580688476562,1035.247802734375,Valid,244167610472
33,902.4888916015625,1035.3804931640625,Valid,244167621575
34,910.9430541992188,1035.2235107421875,Valid,244167632678
35,920.10546875,1035.1068115234375,Valid,244167643781
36,928.7362060546875,1034.790283203125,Valid,244167654884
37,936.9085693359375,1034.61865234375,Valid,244167665988
38,944.3342895507812,1034.2177734375,Valid,244167677091
39,951.3758544921875,1034.063232421875,Valid,244167688194
40,956.8322143554688,1033.6162109375,Valid,244167699297
41,961.9840698242188,1033.858154296875,Valid,244167710400
42,965.5870361328125,1033.4822998046875,Valid,244167721503
43,969.0813598632812,1033.5364990234375,Valid,244167732606
44,972.4721069335938,1033.332763671875,Valid,244167743709
45,975.6928100585938,1033.3975830078125,Valid,244167754813
46,978.4118041992188,1033.276123046875,Valid,244167765916
47,980.20361328125,1033.3062744140625,Valid,244167777019
48,981.5533447265625,1033.54150390625,Valid,244167788122
49,982.5451049804688,1033.6435546875,Valid,244167799225
50,985.3017578125,1033.5826416015625,Valid,244167810328
51,990.2908935546875,1033.578125,Valid,244167821431
52,997.7032470703125,1034.070556640625,Valid,244167832534
53,1005.55615234375,1034.373779296875,Valid,244167843638
54,1012.6453247070312,1034.2989501953125,Valid,244167854741
55,1018.9187622070312,1034.11279296875,Valid,244167865844
56,1024.3968505859375,1034.1026611328125,Valid,244167876947
57,1027.9481201171875,1034.28076171875,Valid,244167888050
58,1030.99365234375,1034.7347412109375,Valid,244167899153
59,1033.27783203125,1035.3262939453125,Valid,244167910256
60,1035.364501953125,1035.79931640625,Valid,244167921359
61,1030.0406494140625,1031.0269775390625,Valid,244167932463
62,1010.3782958984375,1012.5271606445312,Valid,244167943566
63,950.542724609375,955.5034790039062,Valid,244167954669
64,824.9312133789062,841.2293701171875,Valid,244167965772
65,677.8402099609375,717.5171508789062,Valid,244167976875
66,560.5488891601562,629.1165771484375,Valid,244167987978
67,488.43133544921875,575.979736328125,Valid,244167999081
68,447.1890563964844,545.6221923828125,Valid,244168010184
69,423.26409912109375,527.7887573242188,Valid,244168021288
70,410.24066162109375,517.21875,Valid,244168032391
71,401.7283020019531,510.82952880859375,Valid,244168043494
72,396.9582824707031,506.7236633300781,Valid,244168054597
73,393.8833312988281,504.2940368652344,Valid,244168065700
74,391.1383361816406,502.5874938964844,Valid,244168076803
75,388.89990234375,501.4144287109375,Valid,244168087906
76,387.1126708984375,499.8919982910156,Valid,244168099009
77,387.40606689453125,499.23187255859375,Valid,244168110113
78,388.1364440917969,499.3387145996094,Valid,244168121216
79,389.0162048339844,499.75970458984375,Valid,244168132319
80,389.5066833496094,501.1053161621094,Valid,244168143422
81,389.0303955078125,501.47705078125,Valid,244168154525
82,388.0928955078125,502.1391906738281,Valid,244168165628
83,386.81024169921875,501.2113342285156,Valid,244168176731
84,386.69781494140625,500.76678466796875,Valid,244168187834
85,387.2706298828125,500.26300048828125,Valid,244168198938
86,387.9439697265625,499.77935791015625,Valid,244168210041
87,387.59564208984375,500.23370361328125,Valid,244168221144
88,385.5682067871094,504.798828125,Valid,244168232247
89,383.1431884765625,512.2324829101562,Valid,244168243350
90,381.6180725097656,520.6002197265625,Valid,244168254453
91,380.402099609375,527.3110961914062,Valid,244168265556
92,378.8860168457031,532.784423828125,Valid,244168276659
93,377.3143310546875,536.9829711914062,Valid,244168287763
94,375.989501953125,540.73486328125,Valid,244168298866
95,375.3375549316406,543.54345703125,Valid,244168309969
96,374.9408874511719,546.19677734375,Valid,244168321072
97,374.6379089355469,548.299072265625,Valid,244168332175
98,374.36224365234375,549.8799438476562,Valid,244168343278
99,373.9945983886719,551.2752075195312,Valid,244168354381
100,373.64306640625,552.2974243164062,Valid,244168365484
101,373.53662109375,553.7149047851562,Valid,244168376588
102,373.2196350097656,554.8295288085938,Valid,244168387691
103,373.2492370605469,555.8921508789062,Valid,244168398794
104,373.0988464355469,556.3360595703125,Valid,244168409897
105,373.2629699707031,556.73828125,Valid,244168421000
106,373.2663879394531,556.8240356445312,Valid,244168432103
107,373.1585388183594,557.2360229492188,Valid,244168443206
108,372.82635498046875,557.5711059570312,Valid,244168454309
109,369.8062744140625,557.02197265625,Valid,244168465413
110,366.0619812011719,556.2244262695312,Valid,244168476516
111,352.6562194824219,550.9601440429688,Valid,244168487619
112,330.38275146484375,540.8846435546875,Valid,244168498722
113,306.9445495605469,530.7630615234375,Valid,244168509825
114,285.365234375,521.3191528320312,Valid,244168520928
115,267.28173828125,513.3690185546875,Valid,244168532031
116,252.27593994140625,506.2859802246094,Valid,244168543134
117,240.83209228515625,500.7734680175781,Valid,244168554238
118,232.02487182617188,496.6349182128906,Valid,244168565341
119,224.49578857421875,493.1498718261719,Valid,244168576444
120,217.80975341796875,489.5950927734375,Valid,244168587547
121,211.70127868652344,486.8128356933594,Valid,244168598650
122,207.03448486328125,485.8003845214844,Valid,244168609753
123,204.14288330078125,485.81561279296875,Valid,244168620856
124,201.1304931640625,484.6280517578125,Valid,244168631959
125,198.21347045898438,482.99554443359375,Valid,244168643063
126,195.29356384277344,481.1280212402344,Valid,244168654166
127,192.9154815673828,479.8690490722656,Valid,244168665269
128,190.42127990722656,477.5290222167969,Valid,244168676372
129,188.0398406982422,474.9390869140625,Valid,244168687475
130,185.75091552734375,472.4963684082031,Valid,244168698578
131,184.44822692871094,470.8512878417969,Valid,244168709681
132,183.45584106445312,469.62921142578125,Valid,244168720784
133,182.59765625,468.54888916015625,Valid,244168731888
134,181.6499481201172,467.9879150390625,Valid,244168742991
135,180.65257263183594,467.4543762207031,Valid,244168754094
136,179.94964599609375,467.1012268066406,Valid,244168765197
137,179.393310546875,466.7879943847656,Valid,244168776300
138,178.70730590820312,466.3554992675781,Valid,244168787403
139,178.56546020507812,465.59405517578125,Valid,244168798506
140,184.9343719482422,464.71917724609375,Valid,244168809609
141,206.1449737548828,464.4997253417969,Valid,244168820713
142,268.39013671875,463.2100524902344,Valid,244168831816
143,414.5133056640625,461.8913879394531,Valid,244168842919
144,647.717529296875,459.1838073730469,Valid,244168854022
145,913.2068481445312,461.05029296875,Valid,244168865125
146,1127.032958984375,464.2521667480469,Valid,244168876228
147,1263.61865234375,468.9880676269531,Valid,244168887331
148,1338.666259765625,474.5759582519531,Valid,244168898434
149,1380.73291015625,478.1684265136719,Valid,244168909538
150,1403.6240234375,480.02996826171875,Valid,244168920641
151,1416.517822265625,479.8724365234375,Valid,244168931744
152,1423.16845703125,481.0040588378906,Valid,244168942847
153,1425.7435302734375,481.87664794921875,Valid,244168953950
154,1427.4327392578125,484.0278625488281,Valid,244168965053
155,1427.625244140625,484.9909362792969,Valid,244168976156
156,1429.224853515625,487.28668212890625,Valid,244168987259
157,1429.8428955078125,487.8704833984375,Valid,244168998363
158,1430.323974609375,489.18914794921875,Valid,244169009466
159,1430.196044921875,490.1732177734375,Valid,244169020569
160,1420.194091796875,491.11834716796875,Valid,244169031672
161,1397.2215576171875,491.1784362792969,Valid,244169042775
162,1365.1202392578125,490.245849609375,Valid,244169053878
163,1336.318603515625,488.9387512207031,Valid,244169064981
164,1315.9554443359375,487.3742370605469,Valid,244169076084
165,1301.29443359375,485.9078674316406,Valid,244169087188
166,1290.6566162109375,484.9864196777344,Valid,244169098291
167,1282.628662109375,484.66650390625,Valid,244169109394
168,1276.1937255859375,484.6167297363281,Valid,244169120497
169,1270.928466796875,484.40887451171875,Valid,244169131600
170,1266.41357421875,484.3506164550781,Valid,244169142703
171,1261.687744140625,484.27349853515625,Valid,244169153806
172,1256.9051513671875,484.4658508300781,Valid,244169164909
173,1252.3477783203125,484.6791076660156,Valid,244169176013
174,1248.2244873046875,484.82891845703125,Valid,244169187116
175,1244.3212890625,485.1535339355469,Valid,244169198219
176,1240.8338623046875,485.2198181152344,Valid,244169209322
177,1237.865478515625,485.0849914550781,Valid,244169220425
178,1234.809326171875,483.7357177734375,Valid,244169231528
179,1231.8546142578125,480.15399169921875,Valid,244169242631
180,1228.0570068359375,473.0660095214844,Valid,244169253734
181,1224.423583984375,463.52386474609375,Valid,244169264838
182,1221.071533203125,453.1650085449219,Valid,244169275941
183,1218.229736328125,444.3506774902344,Valid,244169287044
184,1216.08154296875,436.3096923828125,Valid,244169298147
185,1213.9337158203125,430.0909729003906,Valid,244169309250
186,1212.8370361328125,424.1732482910156,Valid,244169320353
187,1211.931640625,419.4651184082031,Valid,244169331456
188,1210.67919921875,416.1539306640625,Valid,244169342559
189,1209.0257568359375,414.0419921875,Valid,244169353663
190,1207.074462890625,412.0758056640625,Valid,244169364766
191,1205.92431640625,409.7939147949219,Valid,244169375869
192,1205.195556640625,407.6595764160156,Valid,244169386972
193,1204.7210693359375,406.3986511230469,Valid,244169398075
194,1200.0128173828125,401.6921691894531,Valid,244169409178
195,1186.38330078125,384.6100158691406,Valid,244169420281
196,1155.1494140625,345.28765869140625,Valid,244169431384
197,1110.72607421875,283.51568603515625,Valid,244169442488
198,1063.3377685546875,219.10501098632812,Valid,244169453591
199,1027.150390625,167.75144958496094,Valid,244169464694
200,1002.5926513671875,132.31341552734375,Valid,244169475797
201,986.6046752929688,107.16956329345703,Valid,244169486900
202,975.626220703125,90.89068603515625,Valid,244169498003
203,967.7075805664062,82.0487060546875,Valid,244169509106
204,962.8008422851562,77.66049194335938,Valid,244169520209
205,959.1679077148438,74.94140625,Valid,244169531313
206,956.9169921875,73.33091735839844,Valid,244169542416
207,954.37353515625,72.43736267089844,Valid,244169553519
208,952.8361206054688,71.68572235107422,Valid,244169564622
209,952.056396484375,71.01050567626953,Valid,244169575725
210,951.6974487304688,70.48120880126953,Valid,244169586828
211,951.41455078125,70.32605743408203,Valid,244169597931
212,950.9890747070312,69.79713439941406,Valid,244169609034
213,950.4370727539062,70.14962005615234,Valid,244169620138
214,953.27294921875,77.81199645996094,Valid,244169631241
215,957.6387939453125,88.59085083007812,Valid,244169642344
216,967.3612060546875,110.26477813720703,Valid,244169653447
217,-1920.0,-1080.0,Invalid,244169664550
218,-1920.0,-1080.0,Invalid,244169675653
219,-1920.0,-1080.0,Invalid,244169686756
220,-1920.0,-1080.0,Invalid,244169697859
221,-1920.0,-1080.0,Invalid,244169708963
222,-1920.0,-1080.0,Invalid,244169720066
223,-1920.0,-1080.0,Invalid,244169731169
224,438.1549377441406,490.1689758300781,Valid,244169742272
225,479.06884765625,437.94866943359375,Valid,244169753375
226,435.78778076171875,460.7235412597656,Valid,244169764478
227,407.5190734863281,459.18597412109375,Valid,244169775581
228,387.849365234375,452.84222412109375,Valid,244169786684
229,378.35638427734375,436.7899169921875,Valid,244169797788
230,372.3571472167969,427.8698425292969,Valid,244169808891
231,367.871826171875,422.3048095703125,Valid,244169819994
232,363.61370849609375,417.35247802734375,Valid,244169831097
233,360.59576416015625,412.424072265625,Valid,244169842200
234,358.1304931640625,408.3585510253906,Valid,244169853303
235,356.0600280761719,405.7911682128906,Valid,244169864406
236,354.2032470703125,403.1869201660156,Valid,244169875509
237,352.33087158203125,400.71087646484375,Valid,244169886613
238,351.317626953125,399.15338134765625,Valid,244169897716
239,350.14739990234375,397.54241943359375,Valid,244169908819
240,349.6412658691406,396.4468994140625,Valid,244169919922
241,348.83026123046875,395.5143127441406,Valid,244169931025
242,348.9264831542969,395.28656005859375,Valid,244169942128
243,348.8191223144531,394.9338684082031,Valid,244169953231
244,344.8350830078125,396.4593811035156,Valid,244169964334
245,336.5244445800781,400.1702880859375,Valid,244169975438
246,319.5645751953125,408.1099853515625,Valid,244169986541
247,298.37469482421875,418.0578308105469,Valid,244169997644
248,279.1280822753906,427.9231262207031,Valid,244170008747
249,261.7167663574219,436.6716613769531,Valid,244170019850
250,247.31631469726562,445.4251403808594,Valid,244170030953
251,235.12586975097656,452.4310607910156,Valid,244170042056
252,226.19993591308594,458.5419006347656,Valid,244170053159
253,218.68939208984375,462.4518127441406,Valid,244170064263
254,213.4676971435547,465.2048034667969,Valid,244170075366
255,209.6370849609375,466.95355224609375,Valid,244170086469
256,206.91455078125,467.89178466796875,Valid,244170097572
257,204.72303771972656,468.1422119140625,Valid,244170108675
258,202.98597717285156,468.80035400390625,Valid,244170119778
259,201.57350158691406,469.62420654296875,Valid,244170130881
260,200.57122802734375,470.650634765625,Valid,244170141984
261,199.7279510498047,471.3348388671875,Valid,244170153088
262,199.2696075439453,471.98468017578125,Valid,244170164191
263,199.01759338378906,472.2676086425781,Valid,244170175294
264,198.2413330078125,472.2806091308594,Valid,244170186397
265,197.46563720703125,472.4262390136719,Valid,244170197500
266,195.95947265625,472.64666748046875,Valid,244170208603
267,195.33860778808594,472.6061096191406,Valid,244170219706
268,194.6262969970703,472.3660888671875,Valid,244170230809
269,194.61672973632812,472.3304748535156,Valid,244170241913
270,194.65530395507812,472.40472412109375,Valid,244170253016
271,194.68380737304688,472.9128112792969,Valid,244170264119
272,194.4769287109375,473.43353271484375,Valid,244170275222
273,194.2279052734375,474.0556640625,Valid,244170286325
274,194.38720703125,474.36114501953125,Valid,244170297428
275,195.26112365722656,474.5454406738281,Valid,244170308531
276,196.40234375,474.8200378417969,Valid,244170319634
277,197.56190490722656,474.923583984375,Valid,244170330738
278,198.39801025390625,475.0914611816406,Valid,244170341841
279,198.95333862304688,475.3069763183594,Valid,244170352944
280,199.37258911132812,475.573974609375,Valid,244170364047
281,199.5094757080078,476.0262145996094,Valid,244170375150
282,199.2313690185547,476.2283020019531,Valid,244170386253
283,198.52735900878906,476.4848327636719,Valid,244170397356
284,197.7052001953125,476.64886474609375,Valid,244170408459
285,197.39788818359375,476.7738037109375,Valid,244170419563
286,197.73326110839844,476.8806457519531,Valid,244170430666
287,198.00442504882812,476.73419189453125,Valid,244170441769
288,198.18637084960938,476.7004089355469,Valid,244170452872
289,198.0516815185547,476.5858154296875,Valid,244170463975
290,198.2925567626953,476.62420654296875,Valid,244170475078
291,198.5125274658203,476.6531677246094,Valid,244170486181
292,198.74041748046875,476.79498291015625,Valid,244170497284
293,198.8800048828125,476.7930908203125,Valid,244170508388
294,198.78399658203125,476.86688232421875,Valid,244170519491
295,198.47396850585938,476.8782043457031,Valid,244170530594
296,198.15878295898438,476.9036865234375,Valid,244170541697
297,198.1202850341797,476.88330078125,Valid,244170552800
298,198.27818298339844,476.937744140625,Valid,244170563903
299,196.69569396972656,476.68121337890625,Valid,244170575006
300,192.37266540527344,475.40966796875,Valid,244170586109
301,184.59230041503906,473.0372619628906,Valid,244170597213
302,175.61485290527344,469.9805603027344,Valid,244170608316
303,167.1043701171875,467.23486328125,Valid,244170619419
304,158.79978942871094,464.1772766113281,Valid,244170630522
305,151.19775390625,461.2463684082031,Valid,244170641625
306,144.20184326171875,458.6174621582031,Valid,244170652728
307,138.30572509765625,456.3517761230469,Valid,244170663831
308,133.12368774414062,454.5922546386719,Valid,244170674934
309,128.93389892578125,452.7750244140625,Valid,244170686038
310,125.25234985351562,451.3137512207031,Valid,244170697141
311,122.44208526611328,450.2615966796875,Valid,244170708244
312,119.68904876708984,449.52154541015625,Valid,244170719347
313,117.34237670898438,449.0856018066406,Valid,244170730450
314,115.2571029663086,448.9327697753906,Valid,244170741553
315,113.78123474121094,448.84844970703125,Valid,244170752656
316,112.59256744384766,448.6787109375,Valid,244170763759
317,111.60204315185547,448.5983581542969,Valid,244170774863
318,110.69749450683594,448.6602783203125,Valid,244170785966
319,109.92169189453125,448.8797912597656,Valid,244170797069
320,109.38427734375,449.21697998046875,Valid,244170808172
321,110.45706176757812,449.50543212890625,Valid,244170819275
322,116.44556427001953,449.266357421875,Valid,244170830378
323,126.36697387695312,448.3533630371094,Valid,244170841481
324,144.72012329101562,446.3590087890625,Valid,244170852584
325,172.73263549804688,443.0691223144531,Valid,244170863688
326,202.75283813476562,439.6405334472656,Valid,244170874791
327,231.40797424316406,436.615966796875,Valid,244170885894
328,256.82122802734375,433.5126037597656,Valid,244170896997
329,278.094482421875,431.0870361328125,Valid,244170908100
330,295.9915771484375,429.2889709472656,Valid,244170919203
331,310.49884033203125,427.6106872558594,Valid,244170930306
332,321.6142883300781,425.5242919921875,Valid,244170941409
333,329.55316162109375,423.30767822265625,Valid,244170952513
334,335.6923522949219,422.1296081542969,Valid,244170963616
335,340.5770568847656,421.1654357910156,Valid,244170974719
336,344.992431640625,420.4853210449219,Valid,244170985822
337,348.7250061035156,419.7259826660156,Valid,244170996925
338,358.2191162109375,419.4709167480469,Valid,244171008028
339,374.5453796386719,419.52911376953125,Valid,244171019131
340,398.92535400390625,420.2801513671875,Valid,244171030234
341,422.3064880371094,420.64752197265625,Valid,244171041338
342,442.4681091308594,421.02880859375,Valid,244171052441
343,458.6211242675781,421.3506164550781,Valid,244171063544
344,471.6875305175781,422.5126647949219,Valid,244171074647
345,481.7409973144531,423.7088317871094,Valid,244171085750
346,489.1854248046875,425.054443359375,Valid,244171096853
347,495.1992492675781,425.9639892578125,Valid,244171107956
348,500.42266845703125,426.7427673339844,Valid,244171119059
349,504.8277282714844,427.17547607421875,Valid,244171130163
350,507.43035888671875,426.90667724609375,Valid,244171141266
351,508.76483154296875,426.55499267578125,Valid,244171152369
352,509.78228759765625,426.4197998046875,Valid,244171163472
353,510.99700927734375,426.49041748046875,Valid,244171174575
354,512.8136596679688,426.7049865722656,Valid,244171185678
355,514.6304321289062,426.7210693359375,Valid,244171196781
356,515.8563232421875,426.6537170410156,Valid,244171207884
357,515.68017578125,426.3551025390625,Valid,244171218988
358,515.3123168945312,426.47576904296875,Valid,244171230091
359,515.53515625,427.3539123535156,Valid,244171241194
360,517.0765380859375,428.8336486816406,Valid,244171252297
361,519.6298828125,430.0600280761719,Valid,244171263400
362,522.57373046875,431.67926025390625,Valid,244171274503
363,525.5552978515625,432.8817138671875,Valid,244171285606
364,527.8294067382812,434.19110107421875,Valid,244171296709
365,529.4911499023438,434.87164306640625,Valid,244171307813
366,530.8054809570312,435.5794372558594,Valid,244171318916
367,532.2896728515625,436.3635559082031,Valid,244171330019
368,534.0977172851562,436.8685607910156,Valid,244171341122
369,536.2915649414062,437.4131774902344,Valid,244171352225
370,538.2198486328125,437.8966369628906,Valid,244171363328
371,539.7235107421875,438.3623046875,Valid,244171374431
372,540.7877197265625,438.8115234375,Valid,244171385534
373,541.7182006835938,439.3594970703125,Valid,244171396638
374,542.8005981445312,439.88970947265625,Valid,244171407741
375,543.7867431640625,440.4419250488281,Valid,244171418844
376,544.61083984375,440.78338623046875,Valid,244171429947
377,545.4222412109375,441.0224304199219,Valid,244171441050
378,546.1124877929688,441.16192626953125,Valid,244171452153
379,546.7093505859375,441.52294921875,Valid,244171463256
380,546.8971557617188,441.78057861328125,Valid,244171474359
381,547.0584716796875,441.7789611816406,Valid,244171485463
382,547.32763671875,441.63140869140625,Valid,244171496566
383,547.4497680664062,441.578369140625,Valid,244171507669
384,546.876953125,441.8428649902344,Valid,244171518772
385,542.5665893554688,442.8798828125,Valid,244171529875
386,537.2802734375,444.4524841308594,Valid,244171540978
387,516.8432006835938,448.2521667480469,Valid,244171552081
388,477.7940673828125,454.0426025390625,Valid,244171563184
389,436.521240234375,460.56524658203125,Valid,244171574288
390,397.33807373046875,466.6434631347656,Valid,244171585391
391,363.908447265625,471.5951232910156,Valid,244171596494
392,336.8553771972656,475.6539306640625,Valid,244171607597
393,316.3887023925781,478.94598388671875,Valid,244171618700
394,300.17315673828125,481.9195861816406,Valid,244171629803
395,286.7774658203125,482.9870300292969,Valid,244171640906
396,276.75830078125,483.43072509765625,Valid,244171652009
397,270.0298156738281,484.08013916015625,Valid,244171663113
398,266.112060546875,485.0840148925781,Valid,244171674216
399,263.001953125,485.9257507324219,Valid,244171685319
400,259.8822937011719,485.6482849121094,Valid,244171696422
401,256.7011413574219,485.84991455078125,Valid,244171707525
402,253.9161834716797,486.3293762207031,Valid,244171718628
403,252.21739196777344,487.0458679199219,Valid,244171729731
404,251.60960388183594,487.4794006347656,Valid,244171740834
405,253.58554077148438,491.0613098144531,Valid,244171751938
406,259.83123779296875,501.111328125,Valid,244171763041
407,270.2322692871094,515.5896606445312,Valid,244171774144
408,282.971923828125,530.7504272460938,Valid,244171785247
409,295.2588195800781,543.6050415039062,Valid,244171796350
410,306.09075927734375,554.2023315429688,Valid,244171807453
411,315.6670837402344,563.2730102539062,Valid,244171818556
412,323.27984619140625,570.6357421875,Valid,244171829659
413,329.4255676269531,576.0234985351562,Valid,244171840763
414,334.4064636230469,580.3550415039062,Valid,244171851866
415,338.6371765136719,583.5952758789062,Valid,244171862969
416,341.7101745605469,586.3953247070312,Valid,244171874072
417,343.1446228027344,588.7051391601562,Valid,244171885175
418,344.02032470703125,590.9075927734375,Valid,244171896278
419,345.15008544921875,592.8885498046875,Valid,244171907381
420,347.37310791015625,594.6318969726562,Valid,244171918484
421,349.629150390625,595.75439453125,Valid,244171929588
422,351.17730712890625,597.2396240234375,Valid,244171940691
423,351.9636535644531,598.3551025390625,Valid,244171951794
424,352.51739501953125,599.6705932617188,Valid,244171962897
425,352.8408203125,600.3352661132812,Valid,244171974000
426,352.7843933105469,600.670654296875,Valid,244171985103
427,352.2478332519531,600.6742553710938,Valid,244171996206
428,351.4434509277344,600.9730834960938,Valid,244172007309
429,349.8021240234375,606.5013427734375,Valid,244172018413
430,344.0914306640625,624.8403930664062,Valid,244172029516
431,334.47216796875,656.5747680664062,Valid,244172040619
432,318.7154235839844,700.5390625,Valid,244172051722
433,302.4227294921875,744.3124389648438,Valid,244172062825
434,287.9767761230469,778.012451171875,Valid,244172073928
435,276.08251953125,803.096435546875,Valid,244172085031
436,267.0326232910156,820.8165283203125,Valid,244172096134
437,262.2762145996094,833.8555908203125,Valid,244172107238
438,259.34063720703125,841.9414672851562,Valid,244172118341
439,257.38690185546875,847.8595581054688,Valid,244172129444
440,256.1961364746094,852.1941528320312,Valid,244172140547
441,255.68194580078125,855.8117065429688,Valid,244172151650
442,255.9263916015625,858.739501953125,Valid,244172162753
443,256.1119689941406,860.5120849609375,Valid,244172173856
444,256.11602783203125,861.6495971679688,Valid,244172184959
445,255.97166442871094,862.5188598632812,Valid,244172196063
446,255.7958221435547,862.976318359375,Valid,244172207166
447,261.8204040527344,863.6082763671875,Valid,244172218269
448,281.3209533691406,862.8350830078125,Valid,244172229372
449,317.06829833984375,861.9872436523438,Valid,244172240475
450,360.5022277832031,859.88037109375,Valid,244172251578
451,404.53411865234375,857.5694580078125,Valid,244172262681
452,441.360107421875,855.8021240234375,Valid,244172273784
453,471.4840087890625,854.6956787109375,Valid,244172284888
454,495.8323974609375,854.1458740234375,Valid,244172295991
455,515.2173461914062,853.5462646484375,Valid,244172307094
456,530.1310424804688,852.7333984375,Valid,244172318197
457,541.074951171875,852.0248413085938,Valid,244172329300
458,550.423828125,852.174072265625,Valid,244172340403
459,558.0730590820312,852.9174194335938,Valid,244172351506
460,563.9606323242188,866.524169921875,Valid,244172362609
461,565.9075927734375,882.2500610351562,Valid,244172373713
462,566.19140625,911.3109130859375,Valid,244172384816
463,-1920.0,-1080.0,Invalid,244172395919
464,-1920.0,-1080.0,Invalid,244172407022
465,-1920.0,-1080.0,Invalid,244172418125
466,-1920.0,-1080.0,Invalid,244172429228
467,-1920.0,-1080.0,Invalid,244172440331
468,-1920.0,-1080.0,Invalid,244172451434
469,1139.2723388671875,879.8482055664062,Valid,244172462538
470,1206.435791015625,876.1004028320312,Valid,244172473641
471,1260.41015625,871.4500732421875,Valid,244172484744
472,1297.402099609375,866.6943359375,Valid,244172495847
473,1322.64501953125,855.5221557617188,Valid,244172506950
474,1336.63427734375,838.8843994140625,Valid,244172518053
475,1347.126220703125,820.2384033203125,Valid,244172529156
476,1353.57470703125,809.5372924804688,Valid,244172540259
477,1357.752197265625,804.8865966796875,Valid,244172551363
478,1359.44775390625,802.8690795898438,Valid,244172562466
479,1360.318603515625,801.0962524414062,Valid,244172573569
480,1361.4757080078125,800.5626220703125,Valid,244172584672
481,1362.3914794921875,799.2337646484375,Valid,244172595775
482,1362.5684814453125,798.28466796875,Valid,244172606878
483,1362.4456787109375,797.3392944335938,Valid,244172617981
484,1362.02734375,797.3329467773438,Valid,244172629084
485,1362.093994140625,796.7861328125,Valid,244172640188
486,1361.855224609375,796.3886108398438,Valid,244172651291
487,1361.6455078125,795.6907958984375,Valid,244172662394
488,1361.673828125,795.514892578125,Valid,244172673497
489,1360.3916015625,795.0658569335938,Valid,244172684600
490,1359.7061767578125,795.0267333984375,Valid,244172695703
491,1358.816162109375,794.70458984375,Valid,244172706806
492,1358.615966796875,794.83740234375,Valid,244172717909
493,1357.8955078125,794.7547607421875,Valid,244172729013
494,1357.3660888671875,794.4662475585938,Valid,244172740116
495,1357.2154541015625,793.79443359375,Valid,244172751219
496,1357.543212890625,793.1992797851562,Valid,244172762322
497,1357.833740234375,792.8255615234375,Valid,244172773425
498,1358.4427490234375,787.9134521484375,Valid,244172784528
499,1359.722412109375,770.7962036132812,Valid,244172795631
500,1365.024658203125,733.9075927734375,Valid,244172806734
501,1373.8115234375,683.727294921875,Valid,244172817838
502,1384.5738525390625,634.68359375,Valid,244172828941
503,1392.74169921875,598.12060546875,Valid,244172840044
504,1399.5888671875,571.7788696289062,Valid,244172851147
505,1404.657958984375,553.541259765625,Valid,244172862250
506,1407.70703125,540.7662353515625,Valid,244172873353
507,1409.423095703125,532.2861328125,Valid,244172884456
508,1410.322265625,526.0203857421875,Valid,244172895559
509,1411.1873779296875,521.7539672851562,Valid,244172906663
510,1411.7991943359375,519.2271118164062,Valid,244172917766
511,1412.3524169921875,517.5897216796875,Valid,244172928869
512,1412.7730712890625,515.7359008789062,Valid,244172939972
513,1412.581298828125,513.6209106445312,Valid,244172951075
514,1412.943603515625,512.0499877929688,Valid,244172962178
515,1413.473876953125,510.7070007324219,Valid,244172973281
516,1415.114990234375,509.5231628417969,Valid,244172984384
517,1416.155517578125,508.537353515625,Valid,244172995488
518,1416.68408203125,508.4009094238281,Valid,244173006591
519,1416.9521484375,508.4943542480469,Valid,244173017694
520,1417.09814453125,508.5680847167969,Valid,244173028797
521,1417.46435546875,508.2427978515625,Valid,244173039900
522,1417.947265625,507.9748229980469,Valid,244173051003
523,1418.9176025390625,508.07928466796875,Valid,244173062106
524,1418.850341796875,508.2000427246094,Valid,244173073209
525,1418.8143310546875,508.0772705078125,Valid,244173084313
526,1417.383056640625,510.08758544921875,Valid,244173095416
527,1414.07275390625,519.136474609375,Valid,244173106519
528,1408.81201171875,533.7236328125,Valid,244173117622
529,1393.729736328125,578.741455078125,Valid,244173128725
530,1372.557861328125,642.7273559570312,Valid,244173139828
531,1352.041748046875,702.7952880859375,Valid,244173150931
532,1335.3681640625,751.87255859375,Valid,244173162034
533,1324.09521484375,787.2245483398438,Valid,244173173138
534,1318.356689453125,811.1814575195312,Valid,244173184241
535,1315.10107421875,827.5238647460938,Valid,244173195344
536,1313.50341796875,838.648193359375,Valid,244173206447
537,1313.0849609375,846.7256469726562,Valid,244173217550
538,1313.3447265625,852.2056274414062,Valid,244173228653
539,1313.7684326171875,856.1823120117188,Valid,244173239756
540,1313.2794189453125,858.5513916015625,Valid,244173250859
541,1312.67626953125,860.162109375,Valid,244173261963
542,1311.6192626953125,861.0609741210938,Valid,244173273066
543,1311.2066650390625,861.81201171875,Valid,244173284169
544,1310.6016845703125,862.6217651367188,Valid,244173295272
545,1310.03662109375,863.6140747070312,Valid,244173306375
546,1308.867431640625,864.6221923828125,Valid,244173317478
547,1307.839599609375,865.5226440429688,Valid,244173328581
548,1307.4443359375,866.223876953125,Valid,244173339684
549,1302.7127685546875,866.7750854492188,Valid,244173350788
550,1281.6717529296875,865.1876831054688,Valid,244173361891
551,1233.724853515625,858.7567138671875,Valid,244173372994
552,1141.2723388671875,844.9864501953125,Valid,244173384097
553,1005.4273071289062,826.3427124023438,Valid,244173395200
554,842.321044921875,809.950927734375,Valid,244173406303
555,674.68701171875,807.1727294921875,Valid,244173417406
556,554.7979125976562,807.20703125,Valid,244173428509
557,476.1094970703125,805.5636596679688,Valid,244173439613
558,426.26470947265625,804.654052734375,Valid,244173450716
559,396.61395263671875,804.0626831054688,Valid,244173461819
560,379.79010009765625,805.4391479492188,Valid,244173472922
561,370.93951416015625,807.3455200195312,Valid,244173484025
562,365.1574401855469,808.1068115234375,Valid,244173495128
563,360.753173828125,808.3627319335938,Valid,244173506231
564,356.4914245605469,807.8307495117188,Valid,244173517334
565,353.0792541503906,807.6390380859375,Valid,244173528438
566,350.87591552734375,807.1928100585938,Valid,244173539541
567,347.8848571777344,807.9095458984375,Valid,244173550644
568,337.44732666015625,813.4011840820312,Valid,244173561747
569,319.64422607421875,821.04638671875,Valid,244173572850
570,297.88507080078125,829.9591064453125,Valid,244173583953
571,277.570556640625,836.6097412109375,Valid,244173595056
572,261.19696044921875,841.2466430664062,Valid,244173606159
573,249.06675720214844,843.8935546875,Valid,244173617263
574,239.8854217529297,845.7510375976562,Valid,244173628366
575,233.72967529296875,846.93603515625,Valid,244173639469
576,230.2923126220703,847.90283203125,Valid,244173650572
577,228.32012939453125,848.1068725585938,Valid,244173661675
578,226.97679138183594,848.7160034179688,Valid,244173672778
579,225.04025268554688,849.3078002929688,Valid,244173683881
580,223.29373168945312,849.9922485351562,Valid,244173694984
581,222.16403198242188,850.5985107421875,Valid,244173706088
582,221.1031494140625,850.83837890625,Valid,244173717191
583,220.53199768066406,851.1931762695312,Valid,244173728294
584,220.48428344726562,851.135498046875,Valid,244173739397
585,219.65203857421875,852.5599365234375,Valid,244173750500
586,218.12281799316406,854.7086181640625,Valid,244173761603
587,215.28428649902344,858.48291015625,Valid,244173772706
588,212.99758911132812,861.9935913085938,Valid,244173783809
589,211.01296997070312,864.719482421875,Valid,244173794913
590,209.18154907226562,866.2550659179688,Valid,244173806016
591,206.60235595703125,867.3095092773438,Valid,244173817119
592,204.17495727539062,868.7203979492188,Valid,244173828222
593,204.62319946289062,870.2199096679688,Valid,244173839325
594,217.7216033935547,870.27783203125,Valid,244173850428
595,245.18923950195312,868.6436157226562,Valid,244173861531
596,319.7593688964844,862.0314331054688,Valid,244173872634
597,473.7199401855469,851.5440063476562,Valid,244173883738
598,683.8789672851562,838.78271484375,Valid,244173894841
599,872.0306396484375,831.0047607421875,Valid,244173905944
600,1004.207275390625,825.694091796875,Valid,244173917047
601,1086.9755859375,822.9614868164062,Valid,244173928150
602,1137.4464111328125,821.2422485351562,Valid,244173939253
603,1166.956787109375,820.5342407226562,Valid,244173950356
604,1183.67138671875,819.669677734375,Valid,244173961459
605,1193.8099365234375,819.88720703125,Valid,244173972563
606,1199.5062255859375,818.61376953125,Valid,244173983666
607,1203.3946533203125,818.250732421875,Valid,244173994769
608,1205.675537109375,818.3611450195312,Valid,244174005872
609,1206.1585693359375,819.8115844726562,Valid,244174016975
610,1206.1029052734375,820.7215576171875,Valid,244174028078
611,1205.904296875,821.8966064453125,Valid,244174039181
612,1206.4473876953125,822.787841796875,Valid,244174050284
613,1206.1622314453125,823.4811401367188,Valid,244174061388
614,1206.1600341796875,825.1856079101562,Valid,244174072491
615,1205.7696533203125,827.4208984375,Valid,244174083594
616,1209.2564697265625,832.4133911132812,Valid,244174094697
617,1214.4510498046875,837.3486328125,Valid,244174105800
618,1221.5687255859375,842.1133422851562,Valid,244174116903
619,1226.5382080078125,845.7188110351562,Valid,244174128006
620,1230.4422607421875,848.7857666015625,Valid,244174139109
621,1232.848388671875,851.1533203125,Valid,244174150213
622,1234.65185546875,853.08056640625,Valid,244174161316
623,1236.231689453125,854.189697265625,Valid,244174172419
624,1238.0943603515625,854.9939575195312,Valid,244174183522
625,1239.7188720703125,855.727294921875,Valid,244174194625
626,1240.641357421875,856.1353759765625,Valid,244174205728
627,1241.5372314453125,856.7601928710938,Valid,244174216831
628,1242.3406982421875,857.0728759765625,Valid,244174227934
629,1242.768310546875,857.8096923828125,Valid,244174239038
630,1242.05419921875,858.543212890625,Valid,244174250141
631,1241.1597900390625,858.8853759765625,Valid,244174261244
632,1240.9398193359375,859.0656127929688,Valid,244174272347
633,1241.0355224609375,858.696533203125,Valid,244174283450
634,1241.3739013671875,858.28271484375,Valid,244174294553
635,1241.466552734375,857.6913452148438,Valid,244174305656
636,1241.872802734375,857.3826904296875,Valid,244174316759
637,1242.0439453125,857.1580200195312,Valid,244174327863
638,1242.3035888671875,857.0896606445312,Valid,244174338966
639,1242.3330078125,856.9661865234375,Valid,244174350069
640,1242.4041748046875,857.0789184570312,Valid,244174361172
641,1242.4195556640625,857.3018188476562,Valid,244174372275
642,1241.9432373046875,857.6063842773438,Valid,244174383378
643,1241.2806396484375,857.8015747070312,Valid,244174394481
644,1240.692626953125,857.7862548828125,Valid,244174405584
645,1240.5068359375,857.6532592773438,Valid,244174416688
646,1240.48388671875,857.5421142578125,Valid,244174427791
647,1240.4072265625,857.4050903320312,Valid,244174438894
648,1240.24951171875,857.0602416992188,Valid,244174449997
649,1240.0726318359375,856.6697387695312,Valid,244174461100
650,1239.6649169921875,856.3158569335938,Valid,244174472203
651,1238.8902587890625,856.4271850585938,Valid,244174483306
652,1234.71630859375,858.4586181640625,Valid,244174494409
653,1221.4000244140625,864.661376953125,Valid,244174505513
654,1188.8162841796875,878.871826171875,Valid,244174516616
655,1136.4371337890625,900.01806640625,Valid,244174527719
656,1080.2138671875,922.4999389648438,Valid,244174538822
657,1032.1229248046875,941.8955078125,Valid,244174549925
658,993.014404296875,957.7233276367188,Valid,244174561028
659,963.308349609375,969.8425903320312,Valid,244174572131
660,941.377685546875,979.560546875,Valid,244174583234
661,926.349609375,986.8547973632812,Valid,244174594338
662,915.89111328125,991.7153930664062,Valid,244174605441
663,909.1978759765625,994.613037109375,Valid,244174616544
664,904.43310546875,996.5961303710938,Valid,244174627647
665,901.4999389648438,998.283447265625,Valid,244174638750
666,899.498046875,999.7916870117188,Valid,244174649853
667,897.9136352539062,1001.1004638671875,Valid,244174660956
668,895.8486938476562,1002.3803100585938,Valid,244174672059
669,892.7694091796875,1003.6380004882812,Valid,244174683163
670,890.555908203125,1004.5669555664062,Valid,244174694266
671,889.6586303710938,1005.2562255859375,Valid,244174705369
672,889.6699829101562,1005.4305419921875,Valid,244174716472
673,890.019775390625,1005.3140258789062,Valid,244174727575
674,890.1072998046875,1005.0296630859375,Valid,244174738678
675,890.4176025390625,1005.1221923828125,Valid,244174749781
676,890.8675537109375,1005.1162719726562,Valid,244174760884
677,891.412841796875,1004.9745483398438,Valid,244174771988
678,891.5677490234375,1004.7755126953125,Valid,244174783091
679,891.2249145507812,1004.6466674804688,Valid,244174794194
680,890.8822021484375,1004.5697631835938,Valid,244174805297
681,890.4865112304688,1004.5089721679688,Valid,244174816400
682,890.0283813476562,1004.3660888671875,Valid,244174827503
683,889.0530395507812,1004.1331787109375,Valid,244174838606
684,888.1954345703125,1003.4841918945312,Valid,244174849709
685,887.3314208984375,1003.0979614257812,Valid,244174860813
686,886.9202880859375,1003.1470947265625,Valid,244174871916
687,888.4151611328125,1003.5220947265625,Valid,244174883019
688,892.7848510742188,1003.8217163085938,Valid,244174894122
689,899.404541015625,1004.4778442382812,Valid,244174905225
690,906.6718139648438,1005.1832275390625,Valid,244174916328
691,914.0966186523438,1005.8932495117188,Valid,244174927431
692,921.3134765625,1006.4176635742188,Valid,244174938534
693,928.1103515625,1006.8555297851562,Valid,244174949638
694,934.0270385742188,1007.3206787109375,Valid,244174960741
695,939.4208984375,1007.4933471679688,Valid,244174971844
696,944.0035400390625,1007.6759033203125,Valid,244174982947
697,948.4782104492188,1007.7095947265625,Valid,244174994050
698,952.728515625,1008.2152099609375,Valid,244175005153
699,956.6866455078125,1009.1300659179688,Valid,244175016256
700,959.9805297851562,1010.1089477539062,Valid,244175027359
701,962.2001342773438,1010.5188598632812,Valid,244175038463
702,963.93994140625,1010.2250366210938,Valid,244175049566
703,965.392578125,1010.0635986328125,Valid,244175060669
704,966.6173095703125,1009.8099975585938,Valid,244175071772
705,968.9708251953125,1009.6256103515625,Valid,244175082875
706,974.481689453125,1009.2918701171875,Valid,244175093978
707,982.9733276367188,1008.9522094726562,Valid,244175105081
708,992.7457885742188,1008.2214965820312,Valid,244175116184
709,1001.1983642578125,1007.4949951171875,Valid,244175127288
710,1008.5989379882812,1006.7655029296875,Valid,244175138391
711,1015.4729614257812,1006.693115234375,Valid,244175149494
712,1021.278564453125,1006.2182006835938,Valid,244175160597
713,1026.5322265625,1006.342529296875,Valid,244175171700
714,1031.1051025390625,1006.3533935546875,Valid,244175182803
715,1035.1270751953125,1006.4885864257812,Valid,244175193906
716,1038.8748779296875,1005.9795532226562,Valid,244175205009
717,1041.922119140625,1005.6876831054688,Valid,244175216113
718,1044.6375732421875,1005.5135498046875,Valid,244175227216
719,1046.8565673828125,1005.669921875,Valid,244175238319
720,1049.1102294921875,1005.706298828125,Valid,244175249422
721,1051.3267822265625,1005.8988037109375,Valid,244175260525
722,1053.178466796875,1006.2462768554688,Valid,244175271628
723,1054.9957275390625,1006.6375732421875,Valid,244175282731
724,1056.9281005859375,1007.3187866210938,Valid,244175293834
725,1059.062744140625,1009.901123046875,Valid,244175304938
726,1064.6685791015625,1019.013916015625,Valid,244175316041
727,1073.864990234375,1035.855712890625,Valid,244175327144
728,1131.1085205078125,1096.4508056640625,Valid,244175338247
729,-1920.0,-1080.0,Invalid,244175349350
730,-1920.0,-1080.0,Invalid,244175360453
731,-1920.0,-1080.0,Invalid,244175371556
732,-1920.0,-1080.0,Invalid,244175382659
733,-1920.0,-1080.0,Invalid,244175393763
734,-1920.0,-1080.0,Invalid,244175404866
735,-1920.0,-1080.0,Invalid,244175415969
736,-1920.0,-1080.0,Invalid,244175427072
737,-1920.0,-1080.0,Invalid,244175438175
738,-1920.0,-1080.0,Invalid,244175449278
739,-1920.0,-1080.0,Invalid,244175460381
740,1037.5023193359375,1027.9261474609375,Valid,244175471484
741,1001.286865234375,1085.559814453125,Valid,244175482588
742,1000.2328491210938,1083.3927001953125,Valid,244175493691
743,999.0737915039062,1071.863525390625,Valid,244175504794
744,996.87060546875,1032.447021484375,Valid,244175515897
745,988.449462890625,906.929931640625,Valid,244175527000
746,971.6434326171875,703.2222290039062,Valid,244175538103
747,957.300537109375,502.33624267578125,Valid,244175549206
748,945.3475341796875,335.27978515625,Valid,244175560309
749,942.29150390625,246.7677001953125,Valid,244175571413
750,940.71337890625,199.51402282714844,Valid,244175582516
751,940.265625,175.07936096191406,Valid,244175593619
752,938.1550903320312,161.13070678710938,Valid,244175604722
753,935.2579956054688,152.46286010742188,Valid,244175615825
754,932.60205078125,148.91567993164062,Valid,244175626928
755,931.8024291992188,147.4687042236328,Valid,244175638031
756,930.1554565429688,148.46328735351562,Valid,244175649134
757,929.1722412109375,148.98060607910156,Valid,244175660238
758,928.2308349609375,148.4007568359375,Valid,244175671341
759,928.5725708007812,146.3179931640625,Valid,244175682444
760,928.8604125976562,145.2781524658203,Valid,244175693547
761,928.2369995117188,144.0461883544922,Valid,244175704650
762,928.1113891601562,142.6641845703125,Valid,244175715753
763,927.5772705078125,141.32603454589844,Valid,244175726856
764,928.376220703125,141.78781127929688,Valid,244175737959
765,928.5794677734375,142.8959197998047,Valid,244175749063
766,928.142822265625,154.9342041015625,Valid,244175760166
767,926.5979614257812,167.4315185546875,Valid,244175771269
768,925.7586669921875,186.833984375,Valid,244175782372
769,-1920.0,-1080.0,Invalid,244175793475
770,-1920.0,-1080.0,Invalid,244175804578
771,-1920.0,-1080.0,Invalid,244175815681
772,-1920.0,-1080.0,Invalid,244175826784
773,-1920.0,-1080.0,Invalid,244175837888
774,-1920.0,-1080.0,Invalid,244175848991
775,1009.7296142578125,545.9752807617188,Valid,244175860094
776,1011.2342529296875,548.5411376953125,Valid,244175871197
777,1024.107421875,601.9172973632812,Valid,244175882300
778,1035.978759765625,650.9892578125,Valid,244175893403
779,1044.674560546875,673.1530151367188,Valid,244175904506
780,1050.6141357421875,676.9125366210938,Valid,244175915609
781,1054.65673828125,670.3655395507812,Valid,244175926713
782,1058.635986328125,668.9124755859375,Valid,244175937816
783,1062.1746826171875,673.2423706054688,Valid,244175948919
784,1064.845947265625,676.1431274414062,Valid,244175960022
785,1066.2579345703125,680.8692626953125,Valid,244175971125
786,1066.8330078125,685.4505615234375,Valid,244175982228
787,1067.4610595703125,688.8605346679688,Valid,244175993331
788,1075.212646484375,698.5226440429688,Valid,244176004434
789,1090.8634033203125,717.1976928710938,Valid,244176015538
790,1115.7012939453125,745.468994140625,Valid,244176026641
791,1138.4915771484375,770.6978149414062,Valid,244176037744
792,1156.915771484375,789.2393188476562,Valid,244176048847
793,1170.890380859375,804.0990600585938,Valid,244176059950
794,1180.175537109375,815.1871948242188,Valid,244176071053
795,1186.51220703125,823.7349853515625,Valid,244176082156
796,1190.76513671875,829.4111938476562,Valid,244176093259
797,1194.6114501953125,833.7435913085938,Valid,244176104363
798,1197.7012939453125,837.0665283203125,Valid,244176115466
799,1200.3831787109375,839.018310546875,Valid,244176126569
800,1202.2796630859375,840.09375,Valid,244176137672
801,1203.2398681640625,840.559814453125,Valid,244176148775
802,1204.125,841.2772827148438,Valid,244176159878
803,1205.3477783203125,841.8981323242188,Valid,244176170981
804,1206.3668212890625,842.27587890625,Valid,244176182084
805,1206.66552734375,842.5902709960938,Valid,244176193188
806,1206.34765625,842.7601928710938,Valid,244176204291
807,1205.6171875,842.5012817382812,Valid,244176215394
808,1204.9921875,841.9077758789062,Valid,244176226497
809,1203.9420166015625,841.2770385742188,Valid,244176237600
810,1203.5147705078125,841.1676025390625,Valid,244176248703
811,1202.973388671875,841.2554321289062,Valid,244176259806
812,1202.5169677734375,841.6908569335938,Valid,244176270909
813,1202.4512939453125,842.168212890625,Valid,244176282013
814,1202.651123046875,843.0374145507812,Valid,244176293116
815,1203.1114501953125,843.5364379882812,Valid,244176304219
816,1203.197265625,843.765625,Valid,244176315322
817,1203.220458984375,843.8568115234375,Valid,244176326425
818,1202.868408203125,843.7860107421875,Valid,244176337528
819,1202.8265380859375,843.8701782226562,Valid,244176348631
820,1202.7421875,843.8297119140625,Valid,244176359734
821,1203.01806640625,844.1454467773438,Valid,244176370838
822,1202.809814453125,843.9515380859375,Valid,244176381941
823,1202.556640625,844.0986328125,Valid,244176393044
824,1202.51318359375,844.1183471679688,Valid,244176404147
825,1202.7998046875,844.4790649414062,Valid,244176415250
826,1203.2384033203125,844.6450805664062,Valid,244176426353
827,1203.3583984375,844.6724853515625,Valid,244176437456
828,1203.3887939453125,844.8189697265625,Valid,244176448559
829,1203.2349853515625,844.6055297851562,Valid,244176459663
830,1203.2509765625,844.8078002929688,Valid,244176470766
831,1203.481689453125,845.152587890625,Valid,244176481869
832,1203.801513671875,845.635498046875,Valid,244176492972
833,1204.1414794921875,846.0658569335938,Valid,244176504075
834,1204.2801513671875,846.2802734375,Valid,244176515178
835,1204.2802734375,846.5650024414062,Valid,244176526281
836,1204.537841796875,846.2677612304688,Valid,244176537384
837,1204.6937255859375,846.0399780273438,Valid,244176548488
838,1204.9158935546875,845.8380126953125,Valid,244176559591
839,1204.6497802734375,845.471435546875,Valid,244176570694
840,1204.790283203125,845.1005249023438,Valid,244176581797
841,1205.03466796875,844.87451171875,Valid,244176592900
842,1205.20751953125,844.8900756835938,Valid,244176604003
843,1204.983642578125,844.7376098632812,Valid,244176615106
844,1204.8297119140625,844.6557006835938,Valid,244176626209
845,1205.0628662109375,844.828369140625,Valid,244176637313
846,1205.3565673828125,844.970703125,Valid,244176648416
847,1205.607421875,844.9580078125,Valid,244176659519
848,1205.6329345703125,844.8980102539062,Valid,244176670622
849,1205.7994384765625,844.94677734375,Valid,244176681725
850,1205.994873046875,845.0138549804688,Valid,244176692828
851,1206.4307861328125,845.3529052734375,Valid,244176703931
852,1206.7576904296875,845.85205078125,Valid,244176715034
853,1207.112548828125,846.4095458984375,Valid,244176726138
854,1207.48046875,846.9073486328125,Valid,244176737241
855,1208.18212890625,847.26220703125,Valid,244176748344
856,1208.8419189453125,847.6221313476562,Valid,244176759447
857,1209.372314453125,848.135498046875,Valid,244176770550
858,1209.87646484375,848.706787109375,Valid,244176781653
859,1210.2008056640625,849.1725463867188,Valid,244176792756
860,1210.4425048828125,849.310546875,Valid,244176803859
861,1210.41162109375,849.4560546875,Valid,244176814963
862,1210.7530517578125,849.5068969726562,Valid,244176826066
863,1211.1229248046875,850.0584106445312,Valid,244176837169
864,1211.716064453125,850.6693115234375,Valid,244176848272
865,1211.906494140625,851.2893676757812,Valid,244176859375
866,1212.44970703125,851.4026489257812,Valid,244176870478
867,1210.4454345703125,851.7841186523438,Valid,244176881581
868,1200.4224853515625,852.9403076171875,Valid,244176892684
869,1165.2342529296875,854.4124145507812,Valid,244176903788
870,1074.188720703125,854.0166015625,Valid,244176914891
871,926.5751342773438,850.7672729492188,Valid,244176925994
872,754.075927734375,845.7809448242188,Valid,244176937097
873,553.4114379882812,843.9118041992188,Valid,244176948200
874,406.53973388671875,841.1653442382812,Valid,244176959303
875,313.2389831542969,839.7755737304688,Valid,244176970406
876,255.4404296875,839.6458129882812,Valid,244176981509
877,220.60324096679688,840.1441040039062,Valid,244176992613
878,199.92733764648438,840.777587890625,Valid,244177003716
879,186.84327697753906,841.902587890625,Valid,244177014819
880,178.98983764648438,843.265380859375,Valid,244177025922
881,175.0432891845703,843.1868286132812,Valid,244177037025
882,173.9143524169922,842.544189453125,Valid,244177048128
883,174.21961975097656,842.0892944335938,Valid,244177059231
884,172.97918701171875,842.958251953125,Valid,244177070334
885,172.40768432617188,843.1964111328125,Valid,244177081438
886,171.98971557617188,845.0433959960938,Valid,244177092541
887,171.96630859375,849.5568237304688,Valid,244177103644
888,171.75465393066406,856.757568359375,Valid,244177114747
889,171.4890899658203,863.7476806640625,Valid,244177125850
890,172.3021240234375,869.187744140625,Valid,244177136953
891,172.90054321289062,872.7723388671875,Valid,244177148056
892,173.2079620361328,876.0947875976562,Valid,244177159159
893,172.45108032226562,878.1497802734375,Valid,244177170263
894,171.75149536132812,879.882568359375,Valid,244177181366
895,171.68228149414062,880.534423828125,Valid,244177192469
896,172.0164794921875,881.6937866210938,Valid,244177203572
897,172.48422241210938,882.538330078125,Valid,244177214675
898,172.55914306640625,883.3321533203125,Valid,244177225778
899,172.1427764892578,883.3607788085938,Valid,244177236881
900,172.24078369140625,883.5592041015625,Valid,244177247984
901,171.99063110351562,883.8583374023438,Valid,244177259088
902,172.5789031982422,883.7329711914062,Valid,244177270191
903,172.35264587402344,883.1604614257812,Valid,244177281294
904,172.50521850585938,882.7789916992188,Valid,244177292397
905,172.12869262695312,882.4613037109375,Valid,244177303500
906,171.38002014160156,882.1903076171875,Valid,244177314603
907,170.2754364013672,881.8003540039062,Valid,244177325706
908,169.20147705078125,882.0440673828125,Valid,244177336809
909,168.6537322998047,882.6497192382812,Valid,244177347913
910,168.1519012451172,883.0625610351562,Valid,244177359016
911,167.18519592285156,883.1373901367188,Valid,244177370119
912,165.98776245117188,883.0874633789062,Valid,244177381222
913,164.70761108398438,883.0433959960938,Valid,244177392325
914,164.05496215820312,882.7596435546875,Valid,244177403428
915,163.41671752929688,882.3804931640625,Valid,244177414531
916,163.116943359375,882.0383911132812,Valid,244177425634
917,162.62289428710938,881.8839721679688,Valid,244177436738
918,162.32571411132812,881.6490478515625,Valid,244177447841
919,162.05911254882812,881.4390869140625,Valid,244177458944
920,162.11582946777344,881.2352294921875,Valid,244177470047
921,161.99786376953125,881.2897338867188,Valid,244177481150
922,161.70675659179688,881.4459228515625,Valid,244177492253
923,160.7142333984375,881.6119384765625,Valid,244177503356
924,159.79412841796875,881.8248291015625,Valid,244177514459
925,158.77484130859375,883.8743286132812,Valid,244177525563
926,158.15554809570312,886.9529418945312,Valid,244177536666
927,157.7295684814453,892.3633422851562,Valid,244177547769
928,-1920.0,-1080.0,Invalid,244177558872
929,-1920.0,-1080.0,Invalid,244177569975
930,-1920.0,-1080.0,Invalid,244177581078
931,-1920.0,-1080.0,Invalid,244177592181
932,-1920.0,-1080.0,Invalid,244177603284
933,-1920.0,-1080.0,Invalid,244177614388
934,-1920.0,-1080.0,Invalid,244177625491
935,-1920.0,-1080.0,Invalid,244177636594
936,-1920.0,-1080.0,Invalid,244177647697
937,-1920.0,-1080.0,Invalid,244177658800
938,716.8194580078125,1015.5275268554688,Valid,244177669903
939,923.2216796875,1040.7642822265625,Valid,244177681006
940,986.8424682617188,1032.99853515625,Valid,244177692109
941,1044.8935546875,1010.4512939453125,Valid,244177703213
942,1079.894287109375,978.248046875,Valid,244177714316
943,1106.6527099609375,955.6113891601562,Valid,244177725419
944,1126.2135009765625,930.7775268554688,Valid,244177736522
945,1141.1915283203125,906.208740234375,Valid,244177747625
946,1151.76708984375,881.057373046875,Valid,244177758728
947,1158.22802734375,865.14501953125,Valid,244177769831
948,1162.33740234375,853.7919311523438,Valid,244177780934
949,1165.0904541015625,843.6205444335938,Valid,244177792038
950,1167.3609619140625,839.1044921875,Valid,244177803141
951,1169.025390625,836.8395385742188,Valid,244177814244
952,1170.1180419921875,835.1115112304688,Valid,244177825347
953,1170.8565673828125,834.8507080078125,Valid,244177836450
954,1171.73291015625,835.70654296875,Valid,244177847553
955,1172.6202392578125,836.0089111328125,Valid,244177858656
956,1173.739501953125,835.8677978515625,Valid,244177869759
957,1174.881103515625,836.3373413085938,Valid,244177880863
958,1175.9520263671875,837.4257202148438,Valid,244177891966
959,1176.8057861328125,838.0811157226562,Valid,244177903069
960,1177.3436279296875,838.156494140625,Valid,244177914172
961,1177.878173828125,837.7730712890625,Valid,244177925275
962,1178.0701904296875,837.5560913085938,Valid,244177936378
963,1178.6064453125,837.56298828125,Valid,244177947481
964,1179.0015869140625,837.4705200195312,Valid,244177958584
965,1179.2711181640625,837.8723754882812,Valid,244177969688
966,1179.1181640625,838.5494384765625,Valid,244177980791
967,1179.0008544921875,839.4664916992188,Valid,244177991894
968,1179.1861572265625,839.7928466796875,Valid,244178002997
969,1179.128662109375,840.00537109375,Valid,244178014100
970,1179.1510009765625,840.0538330078125,Valid,244178025203
971,1178.94287109375,839.547607421875,Valid,244178036306
972,1179.0098876953125,839.3389282226562,Valid,244178047409
973,1178.1102294921875,839.4631958007812,Valid,244178058513
974,1169.586181640625,841.0139770507812,Valid,244178069616
975,1146.796630859375,842.540283203125,Valid,244178080719
976,1068.2723388671875,845.6357421875,Valid,244178091822
977,946.6503295898438,847.7715454101562,Valid,244178102925
978,749.5516357421875,848.90576171875,Valid,244178114028
979,533.0447998046875,846.1212158203125,Valid,244178125131
980,383.0477294921875,843.735595703125,Valid,244178136234
981,287.9324645996094,840.9388427734375,Valid,244178147338
982,230.99049377441406,838.505859375,Valid,244178158441
983,196.79037475585938,838.0643310546875,Valid,244178169544
984,178.27410888671875,838.1599731445312,Valid,244178180647
985,167.03036499023438,838.7332763671875,Valid,244178191750
986,161.16514587402344,837.6375122070312,Valid,244178202853
987,155.82675170898438,837.249755859375,Valid,244178213956
988,153.61732482910156,837.1326904296875,Valid,244178225059
989,152.36361694335938,837.9244995117188,Valid,244178236163
990,151.48353576660156,838.3773193359375,Valid,244178247266
991,149.7884521484375,838.8312377929688,Valid,244178258369
992,148.7032928466797,838.3054809570312,Valid,244178269472
993,148.22802734375,837.6207885742188,Valid,244178280575
994,147.7464599609375,836.5656127929688,Valid,244178291678
995,146.82366943359375,836.0890502929688,Valid,244178302781
996,145.72787475585938,835.6773681640625,Valid,244178313884
997,144.96237182617188,836.3673706054688,Valid,244178324988
998,144.50262451171875,837.0228881835938,Valid,244178336091
999,144.8624725341797,838.3092041015625,Valid,244178347194
1000,145.3876953125,838.8699951171875,Valid,244178358297
1001,145.2793426513672,838.478759765625,Valid,244178369400
1002,145.22702026367188,837.7805786132812,Valid,244178380503
1003,145.0049285888672,837.3114013671875,Valid,244178391606
1004,145.1747283935547,837.5770263671875,Valid,244178402709
1005,145.06991577148438,838.163330078125,Valid,244178413813
1006,145.2937469482422,839.0888671875,Valid,244178424916
1007,148.70884704589844,842.1427001953125,Valid,244178436019
1008,153.8927001953125,846.3786010742188,Valid,244178447122
1009,160.366455078125,851.9154663085938,Valid,244178458225
1010,165.2261962890625,856.6851196289062,Valid,244178469328
1011,169.29876708984375,860.6609497070312,Valid,244178480431
1012,172.45431518554688,864.246337890625,Valid,244178491534
1013,175.25579833984375,867.4530639648438,Valid,244178502638
1014,177.52981567382812,870.7611694335938,Valid,244178513741
1015,179.67684936523438,873.4067993164062,Valid,244178524844
1016,181.611328125,876.2603149414062,Valid,244178535947
1017,183.01780700683594,878.4856567382812,Valid,244178547050
1018,184.1240234375,880.3885498046875,Valid,244178558153
1019,184.92893981933594,881.4093627929688,Valid,244178569256
1020,185.48806762695312,882.2951049804688,Valid,244178580359
1021,189.5109100341797,883.3148803710938,Valid,244178591463
1022,207.90652465820312,883.4774169921875,Valid,244178602566
1023,259.31988525390625,882.0064697265625,Valid,244178613669
1024,376.97296142578125,876.8570556640625,Valid,244178624772
1025,552.6608276367188,868.2721557617188,Valid,244178635875
1026,738.4678955078125,859.3729248046875,Valid,244178646978
1027,892.3282470703125,850.75732421875,Valid,244178658081
1028,994.2139282226562,846.6703491210938,Valid,244178669184
1029,1057.1055908203125,844.2822265625,Valid,244178680288
1030,1094.5738525390625,843.8192749023438,Valid,244178691391
1031,1116.9385986328125,843.9490356445312,Valid,244178702494
1032,1128.3427734375,844.6477661132812,Valid,244178713597
1033,1134.2734375,844.8534545898438,Valid,244178724700
1034,1136.6788330078125,843.9762573242188,Valid,244178735803
1035,1140.0972900390625,843.8961181640625,Valid,244178746906
1036,1142.9749755859375,844.30078125,Valid,244178758009
1037,1152.967041015625,829.2870483398438,Valid,244178769113
1038,1169.911865234375,787.4760131835938,Valid,244178780216
1039,1196.481689453125,720.441162109375,Valid,244178791319
1040,1220.4774169921875,653.2149658203125,Valid,244178802422
1041,1240.3028564453125,602.7500610351562,Valid,244178813525
1042,1253.3553466796875,569.1090087890625,Valid,244178824628
1043,1262.37744140625,547.31640625,Valid,244178835731
1044,1268.9942626953125,533.0142822265625,Valid,244178846834
1045,1273.3348388671875,523.871337890625,Valid,244178857938
1046,1277.3670654296875,518.2537841796875,Valid,244178869041
1047,1279.34423828125,514.9405517578125,Valid,244178880144
1048,1280.163330078125,513.060302734375,Valid,244178891247
1049,1279.9276123046875,512.7547607421875,Valid,244178902350
1050,1280.123046875,512.2918090820312,Valid,244178913453
1051,1280.6773681640625,512.5751953125,Valid,244178924556
1052,1288.786865234375,512.4271240234375,Valid,244178935659
1053,1302.22021484375,513.5045166015625,Valid,244178946763
1054,1320.278564453125,514.6630249023438,Valid,244178957866
1055,1335.081298828125,515.7156372070312,Valid,244178968969
1056,1346.82568359375,516.47802734375,Valid,244178980072
1057,1356.204833984375,516.8878173828125,Valid,244178991175
1058,1363.3143310546875,517.5707397460938,Valid,244179002278
1059,1369.2498779296875,517.8721923828125,Valid,244179013381
1060,1373.785400390625,518.1531982421875,Valid,244179024484
1061,1377.386474609375,517.7507934570312,Valid,244179035588
1062,1380.6395263671875,517.4620971679688,Valid,244179046691
1063,1383.54296875,517.2049560546875,Valid,244179057794
1064,1385.797119140625,516.994140625,Valid,244179068897
1065,1386.6492919921875,516.9397583007812,Valid,244179080000
1066,1377.0386962890625,519.6376342773438,Valid,244179091103
1067,1352.4185791015625,527.595703125,Valid,244179102206
1068,1309.1734619140625,539.6847534179688,Valid,244179113309
1069,1175.267822265625,574.9297485351562,Valid,244179124413
1070,986.2427978515625,619.261474609375,Valid,244179135516
1071,811.14794921875,660.0596923828125,Valid,244179146619
1072,685.4647216796875,689.1480102539062,Valid,244179157722
1073,603.2554931640625,707.013916015625,Valid,244179168825
1074,551.1214599609375,717.5682373046875,Valid,244179179928
1075,519.3265991210938,723.6416625976562,Valid,244179191031
1076,503.4994201660156,728.0772094726562,Valid,244179202134
1077,494.098388671875,732.4431762695312,Valid,244179213238
1078,487.8326721191406,736.3433837890625,Valid,244179224341
1079,481.375244140625,738.8361206054688,Valid,244179235444
1080,477.05908203125,739.6643676757812,Valid,244179246547
1081,474.5074768066406,740.3604736328125,Valid,244179257650
1082,473.68756103515625,742.4207153320312,Valid,244179268753
1083,474.0871276855469,743.945068359375,Valid,244179279856
1084,475.1289367675781,744.960693359375,Valid,244179290959
1085,475.4660339355469,745.1022338867188,Valid,244179302063
1086,474.3471374511719,744.71533203125,Valid,244179313166
1087,473.242431640625,744.2600708007812,Valid,244179324269
1088,472.9986877441406,744.0518798828125,Valid,244179335372
1089,473.03656005859375,744.5292358398438,Valid,244179346475
1090,472.88677978515625,744.6103515625,Valid,244179357578
1091,469.6728210449219,736.5429077148438,Valid,244179368681
1092,462.681640625,719.1470336914062,Valid,244179379784
1093,452.13153076171875,691.9915161132812,Valid,244179390888
1094,441.93218994140625,663.3182373046875,Valid,244179401991
1095,433.812744140625,638.5300903320312,Valid,244179413094
1096,427.5205383300781,618.3717041015625,Valid,244179424197
1097,422.4881591796875,603.4114379882812,Valid,244179435300
1098,418.4376525878906,592.6632080078125,Valid,244179446403
1099,416.117431640625,584.5709838867188,Valid,244179457506
1100,414.18780517578125,578.4609985351562,Valid,244179468609
1101,411.76861572265625,573.330810546875,Valid,244179479713
1102,409.98309326171875,570.1414184570312,Valid,244179490816
1103,409.4512023925781,568.5755004882812,Valid,244179501919
1104,409.7395324707031,567.6470947265625,Valid,244179513022
1105,409.9132995605469,567.3104858398438,Valid,244179524125
1106,410.15362548828125,566.7135009765625,Valid,244179535228
1107,410.4825134277344,566.5999755859375,Valid,244179546331
1108,411.34637451171875,566.5286254882812,Valid,244179557434
1109,412.37091064453125,566.17724609375,Valid,244179568538
1110,412.85833740234375,565.7337646484375,Valid,244179579641
1111,413.0390625,565.5806884765625,Valid,244179590744
1112,412.8916015625,565.1130981445312,Valid,244179601847
1113,413.1510009765625,564.9482421875,Valid,244179612950
1114,413.6946716308594,564.4880981445312,Valid,244179624053
1115,414.6592712402344,564.3770141601562,Valid,244179635156
1116,417.25030517578125,564.8523559570312,Valid,244179646259
1117,427.7068786621094,567.4398803710938,Valid,244179657363
1118,456.2373962402344,573.036865234375,Valid,244179668466
1119,533.404052734375,585.6702270507812,Valid,244179679569
1120,689.6793212890625,615.1893920898438,Valid,244179690672
1121,886.583984375,656.7799682617188,Valid,244179701775
1122,1065.371337890625,702.32568359375,Valid,244179712878
1123,1196.7515869140625,735.1088256835938,Valid,244179723981
1124,1278.864501953125,758.627197265625,Valid,244179735084
1125,1328.7401123046875,773.8732299804688,Valid,244179746188
1126,1357.239013671875,782.547607421875,Valid,244179757291
1127,1374.188720703125,786.3718872070312,Valid,244179768394
1128,1382.944091796875,788.3796997070312,Valid,244179779497
1129,1387.8880615234375,789.8607788085938,Valid,244179790600
1130,1390.7783203125,792.317138671875,Valid,244179801703
1131,1394.756591796875,792.7029418945312,Valid,244179812806
1132,1397.402099609375,792.16162109375,Valid,244179823909
1133,1398.3272705078125,791.9625244140625,Valid,244179835013
1134,1397.8125,791.6051635742188,Valid,244179846116
1135,1392.160888671875,787.4170532226562,Valid,244179857219
1136,1373.8712158203125,755.6264038085938,Valid,244179868322
1137,1340.14501953125,695.2943115234375,Valid,244179879425
1138,1281.6099853515625,592.5547485351562,Valid,244179890528
1139,1206.606689453125,471.6423034667969,Valid,244179901631
1140,1140.404052734375,376.88287353515625,Valid,244179912734
1141,1095.182373046875,313.3945007324219,Valid,244179923838
1142,1065.3687744140625,272.6357727050781,Valid,244179934941
1143,1046.718017578125,245.77432250976562,Valid,244179946044
1144,1034.7454833984375,229.3510284423828,Valid,244179957147
1145,1027.04150390625,217.57400512695312,Valid,244179968250
1146,1022.4434204101562,208.5554962158203,Valid,244179979353
1147,1020.2738647460938,202.1682586669922,Valid,244179990456
1148,1018.2378540039062,205.89205932617188,Valid,244180001559
1149,1028.416259765625,242.97781372070312,Valid,244180012663
1150,1039.4130859375,286.15545654296875,Valid,244180023766
1151,1054.8154296875,337.8210144042969,Valid,244180034869
1152,-1920.0,-1080.0,Invalid,244180045972
1153,-1920.0,-1080.0,Invalid,244180057075
1154,-1920.0,-1080.0,Invalid,244180068178
1155,-1920.0,-1080.0,Invalid,244180079281
1156,-1920.0,-1080.0,Invalid,244180090384
1157,-1920.0,-1080.0,Invalid,244180101488
1158,1026.1907958984375,749.7803344726562,Valid,244180112591
1159,1012.1353759765625,788.536865234375,Valid,244180123694
1160,1008.3189086914062,836.3963012695312,Valid,244180134797
1161,1005.4176025390625,867.8553466796875,Valid,244180145900
1162,1001.8997802734375,897.7937622070312,Valid,244180157003
1163,1000.4697265625,911.5392456054688,Valid,244180168106
1164,998.877197265625,917.312255859375,Valid,244180179209
1165,998.7611083984375,914.901611328125,Valid,244180190313
1166,997.5043334960938,911.614990234375,Valid,244180201416
1167,996.275146484375,906.9448852539062,Valid,244180212519
1168,994.7335205078125,901.2525024414062,Valid,244180223622
1169,992.7033081054688,897.5635375976562,Valid,244180234725
1170,990.5377807617188,899.5994873046875,Valid,244180245828
1171,987.7879638671875,904.1056518554688,Valid,244180256931
1172,984.878662109375,915.373046875,Valid,244180268034
1173,981.3311157226562,927.5850219726562,Valid,244180279138
1174,977.6160278320312,937.0104370117188,Valid,244180290241
1175,974.7024536132812,945.3729858398438,Valid,244180301344
1176,972.072021484375,951.3587036132812,Valid,244180312447
1177,970.1250610351562,955.2910766601562,Valid,244180323550
1178,968.0968017578125,959.4815063476562,Valid,244180334653
1179,967.3526000976562,962.5070190429688,Valid,244180345756
1180,966.9476928710938,964.8897705078125,Valid,244180356859
1181,966.00244140625,966.007080078125,Valid,244180367963
1182,967.9241333007812,967.3639526367188,Valid,244180379066
